<!--
 Licensed to the Apache Software Foundation (ASF) under one
 or more contributor license agreements. See the NOTICE file
 distributed with this work for additional information
 regarding copyright ownership. The ASF licenses this file
 to you under the Apache License, Version 2.0 (the
 "License"); you may not use this file except in compliance
 with the License. You may obtain a copy of the License at
 
 http://www.apache.org/licenses/LICENSE-2.0
 
 Unless required by applicable law or agreed to in writing,
 software distributed under the License is distributed on an
 "AS IS" BASIS, WITHOUT WARRANTIES OR CONDITIONS OF ANY
 KIND, either express or implied. See the License for the
 specific language governing permissions and limitations
 under the License.
-->
<beans xmlns="http://www.springframework.org/schema/beans"
  xmlns:cxf="http://cxf.apache.org/core"
  xmlns:xsi="http://www.w3.org/2001/XMLSchema-instance"
  xmlns:sec="http://cxf.apache.org/configuration/security"
  xmlns:http="http://cxf.apache.org/transports/http/configuration"
  xmlns:httpj="http://cxf.apache.org/transports/http-jetty/configuration"
  xmlns:jaxws="http://cxf.apache.org/jaxws"
  xmlns:wsa="http://cxf.apache.org/ws/addressing"
  xmlns:util="http://www.springframework.org/schema/util" 
  xmlns:jaxrs="http://cxf.apache.org/jaxrs"
  xsi:schemaLocation="
            http://cxf.apache.org/core
            http://cxf.apache.org/schemas/core.xsd
            http://cxf.apache.org/configuration/security
            http://cxf.apache.org/schemas/configuration/security.xsd
            http://cxf.apache.org/jaxws
            http://cxf.apache.org/schemas/jaxws.xsd
            http://cxf.apache.org/transports/http/configuration
            http://cxf.apache.org/schemas/configuration/http-conf.xsd
            http://cxf.apache.org/transports/http-jetty/configuration
            http://cxf.apache.org/schemas/configuration/http-jetty.xsd
            http://www.springframework.org/schema/beans
            http://www.springframework.org/schema/beans/spring-beans.xsd
            http://cxf.apache.org/jaxws http://cxf.apache.org/schemas/jaxws.xsd
            http://www.springframework.org/schema/util         http://www.springframework.org/schema/util/spring-util-2.0.xsd
            http://cxf.apache.org/jaxrs http://cxf.apache.org/schemas/jaxrs.xsd">
   
   <bean class="org.springframework.beans.factory.config.PropertyPlaceholderConfigurer"/>
   
   <cxf:bus>
        <cxf:features>
            <cxf:logging/>
        </cxf:features>
   </cxf:bus>
   
   <bean id="serviceBean" class="org.apache.coheigea.cxf.jmeter.common.DoubleItJWTAuthenticationService"/>
   
   <bean id="jackson" class="com.fasterxml.jackson.jaxrs.json.JacksonJsonProvider"/>
   
   <bean id="jwtFilter" class="org.apache.cxf.rs.security.jose.jaxrs.JwtAuthenticationFilter" />
   
   <jaxrs:server address="/services/JWT">
       <jaxrs:serviceBeans>
          <ref bean="serviceBean"/>
       </jaxrs:serviceBeans>
       <jaxrs:providers>
          <ref bean="jackson"/>
          <ref bean="jwtFilter"/>
       </jaxrs:providers>
       <jaxrs:properties>
            <entry key="rs.security.keystore.type" value="jks" />
            <entry key="rs.security.keystore.alias" value="myclientkey"/>
            <entry key="rs.security.keystore.password" value="cspass"/>
            <entry key="rs.security.keystore.file" value="clientstore.jks" />
            <entry key="rs.security.signature.algorithm" value="RS256" />
       </jaxrs:properties>
   </jaxrs:server>
    
</beans>

